{"split": "train", "iteration": 40000, "psnr": 30.697907039097377, "ssim": 0.9444711421217237, "lpips": 0.04886825755238533}