{"split": "train", "iteration": 30000, "psnr": 33.10192365904112, "ssim": 0.924294709622323, "lpips": 0.2190444335207209}