{"split": "train", "iteration": 40000, "psnr": 24.81463609422956, "ssim": 0.9168718457221985, "lpips": 0.08902637181537491}