{"split": "train", "iteration": 30000, "psnr": 32.54807874458987, "ssim": 0.9175504413591761, "lpips": 0.2337649957257874}